state,district,pvi,result,unopposed,swing,adj_swing,swing_string,adj_swing_string
AL,1,15,26.379849721989807,FALSE,11.379849721989807,19.634261095500882,R+11,R+20
AL,2,16,22.962471820713432,FALSE,6.962471820713432,15.216883194224508,R+7,R+15
AL,3,16,27.49886811978527,FALSE,11.498868119785271,19.753279493296347,R+11,R+20
AL,4,30,59.64566673449684,FALSE,29.645666734496842,37.90007810800792,R+30,R+38
AL,5,18,22.125421505104093,FALSE,4.125421505104093,12.379832878615169,R+4,R+12
AL,6,26,38.40720301227329,FALSE,12.407203012273293,20.661614385784368,R+12,R+21
AL,7,-20,-97.80453894260506,TRUE,-77.80453894260506,-69.55012756909399,D+78,D+70
AK,0,9,6.584776337333345,FALSE,-2.415223662666655,5.839187710844421,D+2,R+6
AZ,1,2,-7.687653379132556,FALSE,-9.687653379132556,-1.43324200562148,D+10,D+1
AZ,2,1,-9.490671489570019,FALSE,-10.490671489570019,-2.2362601160589435,D+10,D+2
AZ,3,-13,-27.730923918492863,FALSE,-14.730923918492863,-6.476512544981787,D+15,D+6
AZ,4,21,37.65625282004078,FALSE,16.656252820040777,24.910664193551852,R+17,R+25
AZ,5,15,18.849180998134564,FALSE,3.849180998134564,12.10359237164564,R+4,R+12
AZ,6,9,10.386070723846743,FALSE,1.3860707238467427,9.640482097357818,R+1,R+10
AZ,7,-23,-85.60631877077796,TRUE,-62.60631877077796,-54.351907397266885,D+63,D+54
AZ,8,13,10.927773416070721,FALSE,-2.072226583929279,6.182184789581797,D+2,R+6
AZ,9,-4,-22.17114203142645,FALSE,-18.17114203142645,-9.916730657915373,D+18,D+10
AR,1,17,40.174911177917465,FALSE,23.174911177917465,31.42932255142854,R+23,R+31
AR,2,7,6.308861998082492,FALSE,-0.6911380019175084,7.563273371593567,D+1,R+8
AR,3,19,32.11250805370297,FALSE,13.112508053702967,21.366919427214043,R+13,R+21
AR,4,17,35.509439119145696,FALSE,18.509439119145696,26.763850492656772,R+19,R+27
CA,1,11,9.773177774576979,FALSE,-1.226822225423021,7.027589148088055,D+1,R+7
CA,2,-22,-54.015909674108286,FALSE,-32.015909674108286,-23.76149830059721,D+32,D+24
CA,3,-5,-16.145893882050025,FALSE,-11.145893882050025,-2.8914825085389495,D+11,D+3
CA,4,10,8.262929541411523,FALSE,-1.7370704585884766,6.517340914922599,D+2,R+7
CA,5,-21,-78.8681240374227,TRUE,-57.8681240374227,-49.61371266391163,D+58,D+50
CA,6,-21,-100,TRUE,-79,-70.74558862648892,D+79,D+71
CA,7,-3,-10.08994485418139,FALSE,-7.08994485418139,1.164466519329686,D+7,R+1
CA,8,9,100,TRUE,91,99.25441137351108,R+91,R+99
CA,9,-8,-12.982969969566106,FALSE,-4.982969969566106,3.2714414039449693,D+5,R+3
CA,10,0,-4.502027940513749,FALSE,-4.502027940513749,3.752383432997327,D+5,R+4
CA,11,-21,-48.264842335888204,FALSE,-27.264842335888204,-19.01043096237713,D+27,D+19
CA,12,-37,-73.64636423272947,FALSE,-36.64636423272947,-28.391952859218392,D+37,D+28
CA,13,-40,-88.38103765809583,TRUE,-48.381037658095835,-40.12662628458476,D+48,D+40
CA,14,-27,-58.44511155335186,FALSE,-31.445111553351857,-23.190700179840782,D+31,D+23
CA,15,-20,-45.935087668952846,FALSE,-25.935087668952846,-17.68067629544177,D+26,D+18
CA,16,-9,-15.09034058716135,FALSE,-6.09034058716135,2.1640707863497255,D+6,R+2
CA,17,-25,-50.69472727100519,FALSE,-25.694727271005192,-17.440315897494116,D+26,D+17
CA,18,-23,-48.98325160965862,FALSE,-25.983251609658623,-17.728840236147548,D+26,D+18
CA,19,-24,-47.50974723015264,FALSE,-23.50974723015264,-15.255335856641565,D+24,D+15
CA,20,-23,-81.37346547286252,TRUE,-58.37346547286252,-50.119054099351445,D+58,D+50
CA,21,-5,-0.7586959583157267,FALSE,4.241304041684273,12.495715415195349,R+4,R+12
CA,22,8,5.444309039972303,FALSE,-2.5556909600276967,5.698720413483379,D+3,R+6
CA,23,14,27.43398096941305,FALSE,13.43398096941305,21.688392342924125,R+13,R+22
CA,24,-7,-17.11100407480197,FALSE,-10.111004074801968,-1.856592701290893,D+10,D+2
CA,25,0,-8.732277101648009,FALSE,-8.732277101648009,-0.4778657281369334,D+9,0
CA,26,-7,-23.884021203792877,FALSE,-16.884021203792877,-8.629609830281801,D+17,D+9
CA,27,-16,-100,TRUE,-84,-75.74558862648892,D+84,D+76
CA,28,-23,-56.74400439956324,FALSE,-33.74400439956324,-25.489593026052162,D+34,D+25
CA,29,-29,-61.21971401236004,FALSE,-32.21971401236004,-23.965302638848968,D+32,D+24
CA,30,-18,-46.803170966271125,FALSE,-28.803170966271125,-20.54875959276005,D+29,D+21
CA,31,-8,-17.488999706658845,FALSE,-9.488999706658845,-1.2345883331477694,D+9,D+1
CA,32,-17,-37.55669910919556,FALSE,-20.556699109195563,-12.302287735684487,D+21,D+12
CA,33,-16,-40.05689445758486,FALSE,-24.05689445758486,-15.802483084073785,D+24,D+16
CA,34,-35,-72.54157176148408,TRUE,-37.54157176148408,-29.287160387973003,D+38,D+29
CA,35,-19,-38.796435473480784,FALSE,-19.796435473480784,-11.542024099969709,D+20,D+12
CA,36,-2,-18.033119492966456,FALSE,-16.033119492966456,-7.778708119455381,D+16,D+8
CA,37,-37,-78.1510969717994,FALSE,-41.151096971799404,-32.89668559828833,D+41,D+33
CA,38,-17,-37.70355566987871,FALSE,-20.70355566987871,-12.449144296367635,D+21,D+12
CA,39,0,-3.1142463163838556,FALSE,-3.1142463163838556,5.14016505712722,D+3,R+5
CA,40,-33,-77.34769327042626,TRUE,-44.34769327042626,-36.09328189691519,D+44,D+36
CA,41,-12,-30.199461046147917,FALSE,-18.199461046147917,-9.945049672636841,D+18,D+10
CA,42,9,12.99863753169032,FALSE,3.9986375316903207,12.253048905201396,R+4,R+12
CA,43,-29,-55.3383796135719,FALSE,-26.338379613571902,-18.083968240060827,D+26,D+18
CA,44,-35,-100,TRUE,-65,-56.745588626488924,D+65,D+57
CA,45,3,-4.102014812194341,FALSE,-7.102014812194341,1.1523965613167348,D+7,R+1
CA,46,-15,-38.29200356959355,FALSE,-23.292003569593547,-15.037592196082471,D+23,D+15
CA,47,-13,-29.710997303606646,FALSE,-16.710997303606646,-8.45658593009557,D+17,D+8
CA,48,4,-7.103984582813098,FALSE,-11.103984582813098,-2.8495732093020223,D+11,D+3
CA,49,1,-12.83801647290106,FALSE,-13.83801647290106,-5.583605099389985,D+14,D+6
CA,50,11,3.4309687848812516,FALSE,-7.569031215118748,0.6853801583923271,D+8,R+1
CA,51,-22,-42.40190342460411,FALSE,-20.401903424604107,-12.147492051093032,D+20,D+12
CA,52,-6,-27.694277500194246,FALSE,-21.694277500194246,-13.439866126683171,D+22,D+13
CA,53,-14,-38.14817295028908,FALSE,-24.14817295028908,-15.893761576778004,D+24,D+16
CO,1,-21,-50.76617625976148,FALSE,-29.76617625976148,-21.511764886250404,D+30,D+22
CO,2,-9,-26.638009911428803,FALSE,-17.638009911428803,-9.383598537917727,D+18,D+9
CO,3,6,7.965459904993921,FALSE,1.9654599049939208,10.219871278504996,R+2,R+10
CO,4,13,21.238588459394663,FALSE,8.238588459394663,16.49299983290574,R+8,R+16
CO,5,14,17.714206015899833,FALSE,3.7142060158998333,11.968617389410909,R+4,R+12
CO,6,-2,-11.231860029929337,FALSE,-9.231860029929337,-0.977448656418261,D+9,D+1
CO,7,-6,-25.007248392040374,FALSE,-19.007248392040374,-10.752837018529299,D+19,D+11
CT,1,-12,-25.582184285401617,FALSE,-13.582184285401617,-5.327772911890541,D+14,D+5
CT,2,-3,-22.543356599818765,FALSE,-19.543356599818765,-11.288945226307689,D+20,D+11
CT,3,-9,-24.994171825680233,FALSE,-15.994171825680233,-7.739760452169158,D+16,D+8
CT,4,-7,-23.780432503419185,FALSE,-16.780432503419185,-8.52602112990811,D+17,D+9
CT,5,-2,-10.254411373511076,FALSE,-8.254411373511076,0,D+8,0
DE,0,-6,-28.90793990990454,FALSE,-22.90793990990454,-14.653528536393466,D+23,D+15
FL,1,22,34.117274836532374,FALSE,12.117274836532374,20.37168621004345,R+12,R+20
FL,2,18,34.88266659448925,FALSE,16.88266659448925,25.137077968000327,R+17,R+25
FL,3,9,15.248486114011278,FALSE,6.248486114011278,14.502897487522354,R+6,R+15
FL,4,17,32.80506965264171,FALSE,15.805069652641713,24.05948102615279,R+16,R+24
FL,5,-12,-33.562439424990565,FALSE,-21.562439424990565,-13.30802805147949,D+22,D+13
FL,6,7,12.627941339551448,FALSE,5.627941339551448,13.882352713062524,R+6,R+14
FL,7,0,-15.383839847762125,FALSE,-15.383839847762125,-7.12942847425105,D+15,D+7
FL,8,11,20.99620832836375,FALSE,9.99620832836375,18.250619701874825,R+10,R+18
FL,9,-5,-16.043499799485744,FALSE,-11.043499799485744,-2.7890884259746684,D+11,D+3
FL,10,-11,-200,TRUE,-189,-180.74558862648894,D+189,D+181
FL,11,15,30.296648217988277,FALSE,15.296648217988277,23.551059591499353,R+15,R+24
FL,12,8,18.428391427155304,FALSE,10.428391427155304,18.68280280066638,R+10,R+19
FL,13,-2,-15.289411334159908,FALSE,-13.289411334159908,-5.0349999606488325,D+13,D+5
FL,14,-7,-200,TRUE,-193,-184.74558862648894,D+193,D+185
FL,15,6,6.04065393721195,FALSE,0.04065393721194965,8.295065310723025,0,R+8
FL,16,7,9.122907837080675,FALSE,2.1229078370806747,10.37731921059175,R+2,R+10
FL,17,13,24.517583408476106,FALSE,11.517583408476106,19.771994781987182,R+12,R+20
FL,18,5,8.602373531877362,FALSE,3.6023735318773618,11.856784905388437,R+4,R+12
FL,19,13,24.54572491144176,FALSE,11.54572491144176,19.800136284952835,R+12,R+20
FL,20,-31,-99.9186486806295,TRUE,-68.9186486806295,-60.66423730711843,D+69,D+61
FL,21,-9,-200,TRUE,-191,-182.74558862648894,D+191,D+183
FL,22,-6,-24.047392696257425,FALSE,-18.047392696257425,-9.79298132274635,D+18,D+10
FL,23,-11,-22.493722093166312,FALSE,-11.493722093166312,-3.2393107196552364,D+11,D+3
FL,24,-34,-200,TRUE,-166,-157.74558862648894,D+166,D+158
FL,25,4,20.906763137494423,FALSE,16.906763137494423,25.1611745110055,R+17,R+25
FL,26,-6,-1.749230279222843,FALSE,4.250769720777157,12.505181094288233,R+4,R+13
FL,27,-5,-5.999936655238216,FALSE,-0.9999366552382156,7.25447471827286,D+1,R+7
GA,1,9,15.477315972762412,FALSE,6.477315972762412,14.731727346273487,R+6,R+15
GA,2,-6,-19.298689624778007,FALSE,-13.298689624778007,-5.044278251266931,D+13,D+5
GA,3,18,31.052606431267613,FALSE,13.052606431267613,21.30701780477869,R+13,R+21
GA,4,-24,-57.69383918091196,FALSE,-33.69383918091196,-25.439427807400882,D+34,D+25
GA,5,-34,-100,TRUE,-66,-57.745588626488924,D+66,D+58
GA,6,8,-1.0296075252197099,FALSE,-9.02960752521971,-0.7751961517086343,D+9,D+1
GA,7,9,0.14940754026693526,FALSE,-8.850592459733065,-0.5961810862219892,D+9,D+1
GA,8,15,100,TRUE,85,93.25441137351108,R+85,R+93
GA,9,31,59.01094584408278,FALSE,28.010945844082777,36.26535721759385,R+28,R+36
GA,10,15,25.78393644606669,FALSE,10.78393644606669,19.038347819577766,R+11,R+19
GA,11,17,23.58279126682553,FALSE,6.582791266825531,14.837202640336606,R+7,R+15
GA,12,9,18.95612182570892,FALSE,9.95612182570892,18.210533199219995,R+10,R+18
GA,13,-20,-52.36875975105576,FALSE,-32.36875975105576,-24.114348377544687,D+32,D+24
GA,14,27,53.003604325190224,FALSE,26.003604325190224,34.2580156987013,R+26,R+34
HI,1,-17,-50.02524279223282,FALSE,-33.02524279223282,-24.77083141872174,D+33,D+25
HI,2,-19,-54.7246379737635,FALSE,-35.7246379737635,-27.470226600252424,D+36,D+27
ID,1,21,31.992039838892435,FALSE,10.992039838892435,19.24645121240351,R+11,R+19
ID,2,17,21.340435766332334,FALSE,4.340435766332334,12.59484713984341,R+4,R+13
IL,1,-27,-53.74488628652307,FALSE,-26.74488628652307,-18.490474913011994,D+27,D+18
IL,2,-29,-62.111106860332164,FALSE,-33.111106860332164,-24.85669548682109,D+33,D+25
IL,3,-6,-47.09000868654123,FALSE,-41.09000868654123,-32.835597313030156,D+41,D+33
IL,4,-33,-73.17030609727479,FALSE,-40.17030609727479,-31.915894723763714,D+40,D+32
IL,5,-20,-53.329082043914866,FALSE,-33.329082043914866,-25.07467067040379,D+33,D+25
IL,6,2,-7.150510705477316,FALSE,-9.150510705477316,-0.8960993319662407,D+9,D+1
IL,7,-38,-75.2301588268499,FALSE,-37.2301588268499,-28.975747453338826,D+37,D+29
IL,8,-8,-31.94945390535036,FALSE,-23.94945390535036,-15.695042531839285,D+24,D+16
IL,9,-18,-46.97245747388505,FALSE,-28.97245747388505,-20.718046100373975,D+29,D+21
IL,10,-10,-31.180236650688833,FALSE,-21.180236650688833,-12.925825277177758,D+21,D+13
IL,11,-9,-27.68160165082432,FALSE,-18.68160165082432,-10.427190277313244,D+19,D+10
IL,12,5,6.178716310511078,FALSE,1.1787163105110778,9.433127684022153,R+1,R+9
IL,13,3,0.7594628405681618,FALSE,-2.240537159431838,6.013874214079237,D+2,R+6
IL,14,5,-5.003718047503526,FALSE,-10.003718047503526,-1.74930667399245,D+10,D+2
IL,15,21,41.85510625645519,FALSE,20.855106256455187,29.109517629966263,R+21,R+29
IL,16,8,18.24880289260237,FALSE,10.24880289260237,18.503214266113446,R+10,R+19
IL,17,-3,-24.18682997532089,FALSE,-21.18682997532089,-12.932418601809815,D+21,D+13
IL,18,15,34.466890632881864,FALSE,19.466890632881864,27.72130200639294,R+19,R+28
IN,1,-8,-30.18527052432823,FALSE,-22.18527052432823,-13.930859150817156,D+22,D+14
IN,2,11,9.671063266474142,FALSE,-1.3289367335258575,6.925474639985218,D+1,R+7
IN,3,18,29.45258759372316,FALSE,11.452587593723159,19.706998967234234,R+11,R+20
IN,4,17,28.12005090787067,FALSE,11.12005090787067,19.374462281381746,R+11,R+19
IN,5,9,13.523363926135879,FALSE,4.523363926135879,12.777775299646954,R+5,R+13
IN,6,18,30.956537567328297,FALSE,12.956537567328297,21.210948940839373,R+13,R+21
IN,7,-11,-29.72573025239435,FALSE,-18.72573025239435,-10.471318878883274,D+19,D+10
IN,8,15,28.859434035637825,FALSE,13.859434035637825,22.1138454091489,R+14,R+22
IN,9,13,12.964648567775036,FALSE,-0.03535143222496373,8.219059941286112,0,R+8
IA,1,-1,-5.056201625763293,FALSE,-4.056201625763293,4.198209747747782,D+4,R+4
IA,2,-1,-12.194763400689645,FALSE,-11.194763400689645,-2.9403520271785695,D+11,D+3
IA,3,1,-2.1639844936433477,FALSE,-3.1639844936433477,5.090426879867728,D+3,R+5
IA,4,11,3.329598309342991,FALSE,-7.670401690657009,0.5840096828540666,D+8,R+1
KS,1,24,36.29095441595442,FALSE,12.290954415954417,20.545365789465492,R+12,R+21
KS,2,10,0.8459015897962914,FALSE,-9.154098410203709,-0.8996870366926331,D+9,D+1
KS,3,4,-9.662552112622961,FALSE,-13.662552112622961,-5.408140739111886,D+14,D+5
KS,4,15,18.872814625885376,FALSE,3.8728146258853755,12.127225999396451,R+4,R+12
KY,1,23,37.176116263505115,FALSE,14.176116263505115,22.43052763701619,R+14,R+22
KY,2,19,35.64708853873205,FALSE,16.64708853873205,24.901499912243125,R+17,R+25
KY,3,-6,-25.49942594718714,FALSE,-19.49942594718714,-11.245014573676066,D+19,D+11
KY,4,18,27.65725024063068,FALSE,9.657250240630681,17.911661614141757,R+10,R+18
KY,5,31,57.88677029772907,FALSE,26.886770297729072,35.14118167124015,R+27,R+35
KY,6,9,3.213068857135319,FALSE,-5.786931142864681,2.4674802306463945,D+6,R+2
LA,1,24,44.93975679940592,FALSE,20.93975679940592,29.194168172916996,R+21,R+29
LA,2,-25,-80.59174004796976,TRUE,-55.591740047969765,-47.33732867445869,D+56,D+47
LA,3,20,38.03726879805484,FALSE,18.03726879805484,26.291680171565915,R+18,R+26
LA,4,13,30.6134494079457,FALSE,17.6134494079457,25.867860781456777,R+18,R+26
LA,5,15,36.571316299465046,FALSE,21.571316299465046,29.82572767297612,R+22,R+30
LA,6,19,40.903826459361326,FALSE,21.903826459361326,30.158237832872402,R+22,R+30
ME,1,-8,-26.31375839416699,FALSE,-18.31375839416699,-10.059347020655913,D+18,D+10
ME,2,2,-1.032444708232191,FALSE,-3.032444708232191,5.2219666652788845,D+3,R+5
MD,1,14,33.68984494760385,FALSE,19.689844947603852,27.944256321114928,R+20,R+28
MD,2,-11,-54.68985088867415,FALSE,-43.68985088867415,-35.435439515163075,D+44,D+35
MD,3,-13,-62.790246053073574,FALSE,-49.790246053073574,-41.5358346795625,D+50,D+42
MD,4,-28,-93.39933796202244,FALSE,-65.39933796202244,-57.14492658851137,D+65,D+57
MD,5,-16,-66.8938279647603,FALSE,-50.893827964760305,-42.63941659124923,D+51,D+43
MD,6,-6,-30.89993940875702,FALSE,-24.89993940875702,-16.645528035245945,D+25,D+17
MD,7,-26,-90.90281148489713,FALSE,-64.90281148489713,-56.64840011138605,D+65,D+57
MD,8,-14,-58.945678351618945,FALSE,-44.945678351618945,-36.69126697810787,D+45,D+37
MA,1,-12,-97.64407561088059,TRUE,-85.64407561088059,-77.38966423736952,D+86,D+77
MA,2,-9,-34.37817004980817,FALSE,-25.37817004980817,-17.123758676297093,D+25,D+17
MA,3,-9,-28.543606597285617,FALSE,-19.543606597285617,-11.289195223774541,D+20,D+11
MA,4,-9,-97.71847212926666,TRUE,-88.71847212926666,-80.46406075575558,D+89,D+80
MA,5,-18,-51.83892022458919,FALSE,-33.83892022458919,-25.584508851078112,D+34,D+26
MA,6,-6,-33.806422636424884,FALSE,-27.806422636424884,-19.55201126291381,D+28,D+20
MA,7,-34,-98.25235582616114,TRUE,-64.25235582616114,-55.99794445265006,D+64,D+56
MA,8,-10,-98.42465259184146,TRUE,-88.42465259184146,-80.17024121833039,D+88,D+80
MA,9,-4,-18.795534810204735,FALSE,-14.795534810204735,-6.54112343669366,D+15,D+7
MI,1,9,12.633196690496447,FALSE,3.6331966904964474,11.887608064007523,R+4,R+12
MI,2,9,12.347158248298477,FALSE,3.347158248298477,11.601569621809553,R+3,R+12
MI,3,6,11.238334298770681,FALSE,5.238334298770681,13.492745672281757,R+5,R+13
MI,4,10,25.248202069812308,FALSE,15.248202069812308,23.502613443323384,R+15,R+24
MI,5,-5,-23.60127779807751,FALSE,-18.60127779807751,-10.346866424566436,D+19,D+10
MI,6,4,4.550876164641252,FALSE,0.5508761646412523,8.805287538152328,R+1,R+9
MI,7,7,7.591676269233382,FALSE,0.5916762692333819,8.846087642744457,R+1,R+9
MI,8,4,-3.834387707008048,FALSE,-7.834387707008048,0.42002366650302747,D+8,0
MI,9,-4,-22.85602650354771,FALSE,-18.85602650354771,-10.601615130036635,D+19,D+11
MI,10,13,25.323694005226628,FALSE,12.323694005226628,20.578105378737703,R+12,R+21
MI,11,4,-6.682511591588508,FALSE,-10.682511591588508,-2.4281002180774323,D+11,D+2
MI,12,-14,-39.1928126315218,FALSE,-25.192812631521797,-16.93840125801072,D+25,D+17
MI,13,-32,-84.2362925944605,TRUE,-52.236292594460494,-43.98188122094942,D+52,D+44
MI,14,-30,-63.561816493958354,FALSE,-33.561816493958354,-25.307405120447278,D+34,D+25
MN,1,5,0.45086590253753656,FALSE,-4.5491340974624634,3.705277276048612,D+5,R+4
MN,2,2,-5.507622023386823,FALSE,-7.507622023386823,0.7467893501242528,D+8,R+1
MN,3,-1,-11.42055617682697,FALSE,-10.42055617682697,-2.1661448033158948,D+10,D+2
MN,4,-14,-36.24860778907776,FALSE,-22.24860778907776,-13.994196415566684,D+22,D+14
MN,5,-26,-56.28615031541422,FALSE,-30.28615031541422,-22.031738941903143,D+30,D+22
MN,6,12,22.36084452975048,FALSE,10.36084452975048,18.615255903261556,R+10,R+19
MN,7,12,-4.264162069418738,FALSE,-16.264162069418738,-8.009750695907663,D+16,D+8
MN,8,4,5.542135698622893,FALSE,1.542135698622893,9.796547072133968,R+2,R+10
MS,1,16,34.51871081214776,FALSE,18.51871081214776,26.773122185658835,R+19,R+27
MS,2,-14,-71.78684518405089,TRUE,-57.78684518405089,-49.532433810539814,D+58,D+50
MS,3,13,25.58508343342234,FALSE,12.58508343342234,20.839494806933416,R+13,R+21
MS,4,21,37.476087461784644,FALSE,16.476087461784644,24.73049883529572,R+16,R+25
MO,1,-29,-63.3855125284738,FALSE,-34.3855125284738,-26.13110115496272,D+34,D+26
MO,2,8,3.9530295214138036,FALSE,-4.046970478586196,4.207440894924879,D+4,R+4
MO,3,18,32.24011731072555,FALSE,14.240117310725552,22.494528684236627,R+14,R+22
MO,4,17,32.10530622264042,FALSE,15.105306222640422,23.359717596151498,R+15,R+23
MO,5,-7,-26.058459749458223,FALSE,-19.058459749458223,-10.804048375947147,D+19,D+11
MO,6,16,33.44236744824154,FALSE,17.44236744824154,25.696778821752616,R+17,R+26
MO,7,23,36.14477745357644,FALSE,13.144777453576438,21.399188827087514,R+13,R+21
MO,8,24,48.37045525890794,FALSE,24.37045525890794,32.624866632419014,R+24,R+33
MT,0,11,4.6344224368136935,FALSE,-6.3655775631863065,1.888833810324769,D+6,R+2
NE,1,11,20.71845677461124,FALSE,9.71845677461124,17.972868148122316,R+10,R+18
NE,2,4,1.9900597621586869,FALSE,-2.009940237841313,6.244471135669762,D+2,R+6
NE,3,27,53.44297340884372,FALSE,26.44297340884372,34.697384782354796,R+26,R+35
NV,1,-15,-35.30134493203067,FALSE,-20.301344932030673,-12.046933558519598,D+20,D+12
NV,2,7,16.46153364610467,FALSE,9.46153364610467,17.715945019615745,R+9,R+18
NV,3,2,-9.062858181208234,FALSE,-11.062858181208234,-2.808446807697159,D+11,D+3
NV,4,-3,-8.18076536607797,FALSE,-5.180765366077971,3.073646007433105,D+5,R+3
NH,1,2,-8.551431251481752,FALSE,-10.551431251481752,-2.2970198779706763,D+11,D+2
NH,2,-2,-13.35978977851665,FALSE,-11.35978977851665,-3.105378405005574,D+11,D+3
NJ,1,-13,-31.133407739789988,FALSE,-18.133407739789988,-9.878996366278912,D+18,D+10
NJ,2,1,-7.670990041143654,FALSE,-8.670990041143654,-0.416578667632578,D+9,0
NJ,3,2,-1.2946639511201639,FALSE,-3.294663951120164,4.959747422390912,D+3,R+5
NJ,4,8,12.332001576365393,FALSE,4.332001576365393,12.586412949876468,R+4,R+13
NJ,5,3,-13.68053461797146,FALSE,-16.68053461797146,-8.426123244460385,D+17,D+8
NJ,6,-9,-27.265082845453108,FALSE,-18.265082845453108,-10.010671471942032,D+18,D+10
NJ,7,3,-5.019489251476408,FALSE,-8.019489251476408,0.23492212203466778,D+8,0
NJ,8,-27,-59.40243068000391,FALSE,-32.40243068000391,-24.148019306492834,D+32,D+24
NJ,9,-16,-41.4028820054287,FALSE,-25.4028820054287,-17.148470631917625,D+25,D+17
NJ,10,-36,-77.469411817605,FALSE,-41.46941181760501,-33.21500044409393,D+41,D+33
NJ,11,3,-14.637146371463722,FALSE,-17.63714637146372,-9.382734997952646,D+18,D+9
NJ,12,-16,-37.362258543833576,FALSE,-21.362258543833576,-13.1078471703225,D+21,D+13
NM,1,-7,-22.80805259228935,FALSE,-15.80805259228935,-7.553641218778274,D+16,D+8
NM,2,6,-1.8679487694222487,FALSE,-7.867948769422249,0.3864626040888268,D+8,0
NM,3,-8,-32.16670137570286,FALSE,-24.166701375702857,-15.912290002191781,D+24,D+16
NY,1,5,-0.9816591557953416,FALSE,-5.981659155795342,2.272752217715734,D+6,R+2
NY,2,3,1.5595915710750106,FALSE,-1.4404084289249894,6.814002944586086,D+1,R+7
NY,3,-1,-19.179441478008847,FALSE,-18.179441478008847,-9.925030104497772,D+18,D+10
NY,4,-4,-25.52669807767692,FALSE,-21.52669807767692,-13.272286704165843,D+22,D+13
NY,5,-37,-99.39865362820568,TRUE,-62.39865362820568,-54.1442422546946,D+62,D+54
NY,6,-16,-84.5018270796704,TRUE,-68.5018270796704,-60.24741570615933,D+69,D+60
NY,7,-38,-85.26592160303112,TRUE,-47.26592160303112,-39.01151022952004,D+47,D+39
NY,8,-36,-89.18550689836977,TRUE,-53.185506898369766,-44.93109552485869,D+53,D+45
NY,9,-34,-73.03353111496733,FALSE,-39.03353111496733,-30.779119741456256,D+39,D+31
NY,10,-26,-60.883683007992104,FALSE,-34.883683007992104,-26.62927163448103,D+35,D+27
NY,11,3,-8.53918084226192,FALSE,-11.53918084226192,-3.284769468750845,D+12,D+3
NY,12,-31,-69.64192840156107,FALSE,-38.641928401561074,-30.38751702805,D+39,D+30
NY,13,-43,-84.8537925826481,FALSE,-41.8537925826481,-33.59938120913702,D+42,D+34
NY,14,-29,-64.52791705617405,FALSE,-35.52791705617405,-27.27350568266297,D+36,D+27
NY,15,-44,-90.51259720541653,FALSE,-46.512597205416526,-38.25818583190545,D+47,D+38
NY,16,-24,-94.25107441261808,TRUE,-70.25107441261808,-61.996663039107005,D+70,D+62
NY,17,-7,-82.50215382710572,TRUE,-75.50215382710572,-67.24774245359464,D+76,D+67
NY,18,1,-11.928562914696649,FALSE,-12.928562914696649,-4.674151541185573,D+13,D+5
NY,19,2,-8.083031814046514,FALSE,-10.083031814046514,-1.8286204405354383,D+10,D+2
NY,20,-7,-27.168494891246333,FALSE,-20.168494891246333,-11.914083517735257,D+20,D+12
NY,21,4,9.79270360909095,FALSE,5.79270360909095,14.047114982602025,R+6,R+14
NY,22,6,-2.3390602359759853,FALSE,-8.339060235975985,-0.08464886246490977,D+8,0
NY,23,6,5.7443816718946294,FALSE,-0.25561832810537055,7.998793045405705,0,R+8
NY,24,-3,-0.9075657351704791,FALSE,2.092434264829521,10.346845638340596,R+2,R+10
NY,25,-8,-20.96734784540204,FALSE,-12.967347845402038,-4.712936471890963,D+13,D+5
NY,26,-11,-41.39372157649905,FALSE,-30.393721576499047,-22.13931020298797,D+30,D+22
NY,27,11,-4.788293024886087,FALSE,-15.788293024886087,-7.533881651375012,D+16,D+8
NC,1,-17,-39.695241587971026,FALSE,-22.695241587971026,-14.44083021445995,D+23,D+14
NC,2,7,5.455164845766113,FALSE,-1.544835154233887,6.709576219277189,D+2,R+7
NC,3,12,100,TRUE,88,96.25441137351108,R+88,R+96
NC,4,-17,-48.334373160165555,FALSE,-31.334373160165555,-23.07996178665448,D+31,D+23
NC,5,10,14.069582894948013,FALSE,4.069582894948013,12.323994268459089,R+4,R+12
NC,6,9,13.032072021381353,FALSE,4.032072021381353,12.286483394892429,R+4,R+12
NC,7,9,12.74157669528747,FALSE,3.7415766952874705,11.995988068798546,R+4,R+12
NC,8,8,10.677400291952523,FALSE,2.677400291952523,10.931811665463599,R+3,R+11
NC,9,8,0.320108093959675,FALSE,-7.679891906040325,0.5745194674707506,D+8,R+1
NC,10,12,18.585476659430398,FALSE,6.585476659430398,14.839888032941474,R+7,R+15
NC,11,14,20.45592118829532,FALSE,6.455921188295321,14.710332561806396,R+6,R+15
NC,12,-18,-46.14563405913921,FALSE,-28.145634059139212,-19.891222685628136,D+28,D+20
NC,13,6,5.996172061638184,FALSE,-0.0038279383618160523,8.25058343514926,0,R+8
ND,0,16,60.20178395929487,TRUE,44.20178395929487,52.45619533280595,R+44,R+52
OH,1,5,4.417507835584026,FALSE,-0.5824921644159744,7.671919209095101,D+1,R+8
OH,2,9,16.35739709522511,FALSE,7.35739709522511,15.611808468736186,R+7,R+16
OH,3,-19,-47.24193986468134,FALSE,-28.241939864681342,-19.987528491170266,D+28,D+20
OH,4,14,30.528156018725355,FALSE,16.528156018725355,24.78256739223643,R+17,R+25
OH,5,11,27.118966775616407,FALSE,16.118966775616407,24.373378149127483,R+16,R+24
OH,6,16,38.501743556855985,FALSE,22.501743556855985,30.75615493036706,R+23,R+31
OH,7,12,17.48723398541356,FALSE,5.48723398541356,13.741645358924636,R+5,R+14
OH,8,17,33.1520719326933,FALSE,16.152071932693303,24.40648330620438,R+16,R+24
OH,9,-14,-35.591130350051955,FALSE,-21.591130350051955,-13.33671897654088,D+22,D+13
OH,10,4,13.761243193741436,FALSE,9.761243193741436,18.01565456725251,R+10,R+18
OH,11,-32,-64.49054496130216,FALSE,-32.49054496130216,-24.236133587791088,D+32,D+24
OH,12,7,4.2224869529075235,FALSE,-2.7775130470924765,5.476898326418599,D+3,R+5
OH,13,-7,-21.989895373354024,FALSE,-14.989895373354024,-6.735483999842948,D+15,D+7
OH,14,5,10.495903799478128,FALSE,5.495903799478128,13.750315172989204,R+5,R+14
OH,15,7,18.629613292162922,FALSE,11.629613292162922,19.884024665673998,R+12,R+20
OH,16,8,13.462346935370853,FALSE,5.462346935370853,13.716758308881928,R+5,R+14
OK,1,17,18.598891658207293,FALSE,1.5988916582072932,9.853303031718369,R+2,R+10
OK,2,24,34.920972953954134,FALSE,10.920972953954134,19.17538432746521,R+11,R+19
OK,3,27,47.74784782004999,FALSE,20.74784782004999,29.002259193561066,R+21,R+29
OK,4,20,30.06237375231366,FALSE,10.062373752313661,18.316785125824737,R+10,R+18
OK,5,10,-1.3968865082022077,FALSE,-11.396886508202208,-3.142475134691132,D+11,D+3
OR,1,-9,-31.590451728704004,FALSE,-22.590451728704004,-14.336040355192928,D+23,D+14
OR,2,11,16.896522732019015,FALSE,5.896522732019015,14.15093410553009,R+6,R+14
OR,3,-24,-52.77602868398183,FALSE,-28.776028683981828,-20.521617310470752,D+29,D+21
OR,4,0,-15.097092195348267,FALSE,-15.097092195348267,-6.842680821837192,D+15,D+7
OR,5,0,-13.195004309996122,FALSE,-13.195004309996122,-4.9405929364850465,D+13,D+5
PA,1,1,2.5191177629943127,FALSE,1.5191177629943127,9.773529136505388,R+2,R+10
PA,2,-25,-58.03388420750363,FALSE,-33.03388420750363,-24.779472833992557,D+33,D+25
PA,3,-41,-86.76155936583797,FALSE,-45.76155936583797,-37.50714799232689,D+46,D+38
PA,4,-7,-27.04487508671405,FALSE,-20.04487508671405,-11.790463713202975,D+20,D+12
PA,5,-13,-30.377337437728492,FALSE,-17.377337437728492,-9.122926064217417,D+17,D+9
PA,6,-2,-17.75183216931498,FALSE,-15.75183216931498,-7.4974207958039045,D+16,D+7
PA,7,-1,-10.018954573598059,FALSE,-9.018954573598059,-0.7645432000869832,D+9,D+1
PA,8,1,-9.284108217886413,FALSE,-10.284108217886413,-2.029696844375337,D+10,D+2
PA,9,14,19.49125647278119,FALSE,5.491256472781188,13.745667846292264,R+5,R+14
PA,10,6,2.6447172657396294,FALSE,-3.3552827342603706,4.899128639250705,D+3,R+5
PA,11,14,17.95204334543778,FALSE,3.9520433454377795,12.206454718948855,R+4,R+12
PA,12,17,32.075022962865766,FALSE,15.075022962865766,23.329434336376842,R+15,R+23
PA,13,22,40.984577479803846,FALSE,18.984577479803846,27.238988853314922,R+19,R+27
PA,14,14,15.810692442156231,FALSE,1.8106924421562312,10.065103815667307,R+2,R+10
PA,15,20,35.68472566633275,FALSE,15.684725666332753,23.93913703984383,R+16,R+24
PA,16,8,4.283220780804591,FALSE,-3.716779219195409,4.537632154315666,D+4,R+5
PA,17,3,-12.514627786190147,FALSE,-15.514627786190147,-7.260216412679071,D+16,D+7
PA,18,-13,-100,TRUE,-87,-78.74558862648892,D+87,D+79
RI,1,-14,-33.6230418823205,FALSE,-19.6230418823205,-11.368630508809424,D+20,D+11
RI,2,-6,-27.211755197116425,FALSE,-21.211755197116425,-12.957343823605349,D+21,D+13
SC,1,10,-1.3853663288488107,FALSE,-11.38536632884881,-3.130954955337735,D+11,D+3
SC,2,12,13.783595642823535,FALSE,1.7835956428235349,10.03800701633461,R+2,R+10
SC,3,19,36.82163003306749,FALSE,17.821630033067493,26.076041406578568,R+18,R+26
SC,4,15,23.012502562000414,FALSE,8.012502562000414,16.26691393551149,R+8,R+16
SC,5,9,15.53952666958994,FALSE,6.5395266695899394,14.793938043101015,R+7,R+15
SC,6,-19,-41.893980129146016,FALSE,-22.893980129146016,-14.63956875563494,D+23,D+15
SC,7,9,19.251191798091448,FALSE,10.251191798091448,18.505603171602523,R+10,R+19
SD,0,14,24.33295277386123,FALSE,10.33295277386123,18.587364147372305,R+10,R+19
TN,1,28,56.04417652776415,FALSE,28.04417652776415,36.298587901275226,R+28,R+36
TN,2,20,32.879367041284226,FALSE,12.879367041284226,21.1337784147953,R+13,R+21
TN,3,18,29.207169450491328,FALSE,11.207169450491328,19.461580824002404,R+11,R+19
TN,4,20,29.79466640281177,FALSE,9.794666402811771,18.049077776322846,R+10,R+18
TN,5,-7,-35.693694518166,FALSE,-28.693694518165998,-20.439283144654922,D+29,D+20
TN,6,24,41.18356516844897,FALSE,17.183565168448972,25.437976541960047,R+17,R+25
TN,7,20,34.75454431096296,FALSE,14.754544310962963,23.00895568447404,R+15,R+23
TN,8,19,37.55863818478326,FALSE,18.558638184783263,26.813049558294338,R+19,R+27
TN,9,-28,-60.74522250876148,FALSE,-32.74522250876148,-24.490811135250404,D+33,D+24
TX,1,25,45.935888621519425,FALSE,20.935888621519425,29.1902999950305,R+21,R+29
TX,2,11,7.287996598226215,FALSE,-3.712003401773785,4.5424079717372905,D+4,R+5
TX,3,13,10.011167606900244,FALSE,-2.988832393099756,5.26557898041132,D+3,R+5
TX,4,28,52.66585086962627,FALSE,24.66585086962627,32.920262243137344,R+25,R+33
TX,5,16,24.796784832965002,FALSE,8.796784832965002,17.051196206476078,R+9,R+17
TX,6,9,7.659290272689638,FALSE,-1.3407097273103616,6.913701646200714,D+1,R+7
TX,7,7,-5.056218981038668,FALSE,-12.056218981038668,-3.801807607527593,D+12,D+4
TX,8,28,48.573781894058655,FALSE,20.573781894058655,28.82819326756973,R+21,R+29
TX,9,-29,-89.05562708740466,TRUE,-60.05562708740466,-51.80121571389358,D+60,D+52
TX,10,9,4.266032544253754,FALSE,-4.733967455746246,3.5204439177648297,D+5,R+4
TX,11,32,61.69972365537239,FALSE,29.699723655372388,37.954135028883464,R+30,R+38
TX,12,18,30.3782994588273,FALSE,12.3782994588273,20.632710832338375,R+12,R+21
TX,13,33,64.61827918083799,FALSE,31.618279180837987,39.87269055434906,R+32,R+40
TX,14,12,19.925126210942835,FALSE,7.925126210942835,16.17953758445391,R+8,R+16
TX,15,-7,-20.916615089622688,FALSE,-13.916615089622688,-5.6622037161116126,D+14,D+6
TX,16,-17,-41.435126599689696,FALSE,-24.435126599689696,-16.18071522617862,D+24,D+16
TX,17,12,15.492245661488688,FALSE,3.4922456614886883,11.746657034999764,R+3,R+12
TX,18,-27,-54.432220124557865,FALSE,-27.432220124557865,-19.17780875104679,D+27,D+19
TX,19,27,50.45275639280144,FALSE,23.45275639280144,31.707167766312516,R+23,R+32
TX,20,-10,-80.8534394026622,TRUE,-70.8534394026622,-62.59902802915113,D+71,D+63
TX,21,10,2.6110170042729948,FALSE,-7.388982995727005,0.8654283777840703,D+7,R+1
TX,22,10,4.90812192128579,FALSE,-5.09187807871421,3.162533294796866,D+5,R+3
TX,23,1,0.44080754418785517,FALSE,-0.5591924558121448,7.695218917698931,D+1,R+8
TX,24,9,3.0696459619312293,FALSE,-5.930354038068771,2.324057335442305,D+6,R+2
TX,25,11,8.746589263609295,FALSE,-2.2534107363907054,6.00100063712037,D+2,R+6
TX,26,18,20.35583430665109,FALSE,2.35583430665109,10.610245680162166,R+2,R+11
TX,27,13,23.714570848660443,FALSE,10.714570848660443,18.96898222217152,R+11,R+19
TX,28,-9,-84.3908465372847,TRUE,-75.3908465372847,-67.13643516377363,D+75,D+67
TX,29,-19,-51.14303709125572,FALSE,-32.14303709125572,-23.888625717744645,D+32,D+24
TX,30,-29,-91.05222356884711,TRUE,-62.05222356884711,-53.797812195336036,D+62,D+54
TX,31,10,2.9083204257238506,FALSE,-7.091679574276149,1.1627317992349262,D+7,R+1
TX,32,5,-6.518394891517303,FALSE,-11.518394891517303,-3.2639835180062278,D+12,D+3
TX,33,-23,-54.25501576863719,FALSE,-31.255015768637193,-23.000604395126118,D+31,D+23
TX,34,-10,-19.977912601000924,FALSE,-9.977912601000924,-1.723501227489848,D+10,D+2
TX,35,-15,-45.20346066049354,FALSE,-30.20346066049354,-21.949049286982465,D+30,D+22
TX,36,26,45.11705022617096,FALSE,19.11705022617096,27.371461599682036,R+19,R+27
UT,1,26,36.71721719163459,FALSE,10.717217191634589,18.971628565145664,R+11,R+19
UT,2,16,17.196456873694657,FALSE,1.1964568736946575,9.450868247205733,R+1,R+9
UT,3,25,40.24214047856353,FALSE,15.242140478563527,23.496551852074603,R+15,R+23
UT,4,13,-0.25773291590999037,FALSE,-13.25773291590999,-5.003321542398915,D+13,D+5
VT,0,-15,-43.2525481646241,FALSE,-28.252548164624102,-19.998136791113026,D+28,D+20
VA,1,8,10.47452431639772,FALSE,2.4745243163977193,10.728935689908795,R+2,R+11
VA,2,3,-2.2359180687637235,FALSE,-5.2359180687637235,3.018493304747352,D+5,R+3
VA,3,-16,-91.2241298536666,TRUE,-75.2241298536666,-66.96971848015552,D+75,D+67
VA,4,-10,-26.658307042760804,FALSE,-16.658307042760804,-8.403895669249728,D+17,D+8
VA,5,6,6.52856306645311,FALSE,0.5285630664531098,8.782974439964185,R+1,R+9
VA,6,13,19.484179588239257,FALSE,6.484179588239257,14.738590961750333,R+6,R+15
VA,7,6,-1.9393773066554516,FALSE,-7.939377306655452,0.31503406685562396,D+8,0
VA,8,-21,-52.421569955781095,FALSE,-31.421569955781095,-23.16715858227002,D+31,D+23
VA,9,19,30.407320430804113,FALSE,11.407320430804113,19.66173180431519,R+11,R+20
VA,10,-1,-12.375100259655511,FALSE,-11.375100259655511,-3.1206888861444355,D+11,D+3
VA,11,-15,-44.17453365774534,FALSE,-29.174533657745343,-20.920122284234267,D+29,D+21
WA,1,-6,-18.535326062456612,FALSE,-12.535326062456612,-4.280914688945536,D+13,D+4
WA,2,-10,-71.29018800473489,TRUE,-61.29018800473489,-53.03577663122381,D+61,D+53
WA,3,4,5.3419957946267544,FALSE,1.3419957946267544,9.59640716813783,R+1,R+10
WA,4,13,25.635495437923815,FALSE,12.635495437923815,20.88990681143489,R+13,R+21
WA,5,8,9.519989261644405,FALSE,1.5199892616444046,9.77440063515548,R+2,R+10
WA,6,-6,-27.773410175618878,FALSE,-21.773410175618878,-13.518998802107802,D+22,D+14
WA,7,-33,-67.12230890263277,FALSE,-34.12230890263277,-25.86789752912169,D+34,D+26
WA,8,0,-4.830110810491391,FALSE,-4.830110810491391,3.4243005630196848,D+5,R+3
WA,9,-21,-100,TRUE,-79,-70.74558862648892,D+79,D+71
WA,10,-5,-23.08803110247154,FALSE,-18.08803110247154,-9.833619728960464,D+18,D+10
WV,1,19,29.150312288738434,FALSE,10.150312288738434,18.40472366224951,R+10,R+18
WV,2,17,10.98333919293723,FALSE,-6.01666080706277,2.2377505664483053,D+6,R+2
WV,3,23,12.74680686916021,FALSE,-10.25319313083979,-1.9987817573287145,D+10,D+2
WI,1,5,12.290780992078496,FALSE,7.290780992078496,15.545192365589571,R+7,R+16
WI,2,-18,-97.4222726484817,TRUE,-79.4222726484817,-71.16786127497062,D+79,D+71
WI,3,0,-19.336548260415448,FALSE,-19.336548260415448,-11.082136886904372,D+19,D+11
WI,4,-25,-53.974008283074625,FALSE,-28.974008283074625,-20.71959690956355,D+29,D+21
WI,5,13,23.946437983134217,FALSE,10.946437983134217,19.200849356645293,R+11,R+19
WI,6,8,11.005491209450412,FALSE,3.005491209450412,11.259902582961487,R+3,R+11
WI,7,8,21.60636847974228,FALSE,13.60636847974228,21.860779853253355,R+14,R+22
WI,8,7,27.418530662400315,FALSE,20.418530662400315,28.67294203591139,R+20,R+29
WY,0,25,33.819473775745976,FALSE,8.819473775745976,17.073885149257052,R+9,R+17
